,subid
0,1000032
1,1000083
2,1000252
3,1000394
4,1000498
5,1000537
6,1000710
7,1000918
8,1000985
9,1001427
10,1001835
11,1002033
12,1002169
13,1002191
14,1002358
15,1002552
16,1002664
17,1002679
18,1002702
19,1002721
20,1002739
21,1002849
22,1003046
23,1003131
24,1003396
25,1003459
26,1004614
27,1004692
28,1004974
29,1005301
30,1005378
31,1005425
32,1005474
33,1005491
34,1005694
35,1005757
36,1005909
37,1005975
38,1006023
39,1006510
40,1006556
41,1006591
42,1006945
43,1007019
44,1007188
45,1007269
46,1007291
47,1007450
48,1007518
49,1007549
50,1007701
51,1007915
52,1007933
53,1007971
54,1008092
55,1008136
56,1008181
57,1008342
58,1008400
59,1008597
60,1008868
61,1009045
62,1009246
63,1009395
64,1009690
65,1009979
66,1010210
67,1010416
68,1010644
69,1010845
70,1010982
71,1011164
72,1011281
73,1011482
74,1011687
75,1011717
76,1011970
77,1012040
78,1012113
79,1012178
80,1012204
81,1012227
82,1012296
83,1012381
84,1012390
85,1012643
86,1012714
87,1012866
88,1012900
89,1013855
90,1013996
91,1014124
92,1014205
93,1014558
94,1014649
95,1014651
96,1014662
97,1014895
98,1015082
99,1015206
100,1015311
101,1015344
102,1015612
103,1015750
104,1015849
105,1016109
106,1016641
107,1016665
108,1016730
109,1016925
110,1017000
111,1017028
112,1017321
113,1017350
114,1017414
115,1017465
116,1017547
117,1017582
118,1017810
119,1017825
120,1017979
121,1018128
122,1018152
123,1018202
124,1018268
125,1018425
126,1018608
127,1018786
128,1018932
129,1019133
130,1019182
131,1019244
132,1019365
133,1019707
134,1019724
135,1019755
136,1019867
137,1020205
138,1020212
139,1020286
140,1020526
141,1020747
142,1021125
143,1021191
144,1021397
145,1021435
146,1021534
147,1021657
148,1021716
149,1021750
150,1022091
151,1022232
152,1022314
153,1022392
154,1022418
155,1022645
156,1022801
157,1022899
158,1022968
159,1023030
160,1023062
161,1023193
162,1023268
163,1023295
164,1023399
165,1023659
166,1023682
167,1023731
168,1024036
169,1024188
170,1024269
171,1024291
172,1024305
173,1024495
174,1024800
175,1024889
176,1025198
177,1025255
178,1025281
179,1025290
180,1025351
181,1025447
182,1025700
183,1025745
184,1025858
185,1025937
186,1026061
187,1026414
188,1026437
189,1026594
190,1026648
191,1026825
192,1026905
193,1026931
194,1027132
195,1027282
196,1027554
197,1027567
198,1027629
199,1027886
200,1028032
201,1028228
202,1028464
203,1028601
204,1028622
205,1028725
206,1028973
207,1029324
208,1029587
209,1029729
210,1029934
211,1029989
212,1029993
213,1030049
214,1030073
215,1030519
216,1030536
217,1030548
218,1030731
219,1030870
220,1031355
221,1031363
222,1031426
223,1031792
224,1031859
225,1031894
226,1031952
227,1032543
228,1032625
229,1032776
230,1032826
231,1032914
232,1033047
233,1033265
234,1033270
235,1033517
236,1033698
237,1034017
238,1034093
239,1034127
240,1034162
241,1034339
242,1034414
243,1034571
244,1034690
245,1034726
246,1035075
247,1035366
248,1035440
249,1035553
250,1035622
251,1035680
252,1035836
253,1035863
254,1036182
255,1036209
256,1036337
257,1036523
258,1036645
259,1036748
260,1036878
261,1036921
262,1037006
263,1037029
264,1037279
265,1037445
266,1037759
267,1037782
268,1037999
269,1038024
270,1038090
271,1038495
272,1038518
273,1038573
274,1038626
275,1038722
276,1038735
277,1038834
278,1039068
279,1039546
280,1039727
281,1039751
282,1039864
283,1039903
284,1039910
285,1040099
286,1040140
287,1040327
288,1040330
289,1040362
290,1040420
291,1040539
292,1040638
293,1040929
294,1040988
295,1041093
296,1041173
297,1041299
298,1041465
299,1041624
300,1041648
301,1041744
302,1041856
303,1042018
304,1042049
305,1042301
306,1042346
307,1042378
308,1042608
309,1042888
310,1042975
311,1043108
312,1043365
313,1043462
314,1043598
315,1043634
316,1043645
317,1043661
318,1044023
319,1044285
320,1044411
321,1044621
322,1044928
323,1045124
324,1045181
325,1045240
326,1045342
327,1045369
328,1045452
329,1045575
330,1045597
331,1045649
332,1045673
333,1045895
334,1045922
335,1045946
336,1046292
337,1046358
338,1046499
339,1046534
340,1046623
341,1046664
342,1046721
343,1046851
344,1047058
345,1047116
346,1047184
347,1047200
348,1047234
349,1047359
350,1047366
351,1047371
352,1047382
353,1047431
354,1047654
355,1047738
356,1047774
357,1047807
358,1047836
359,1047855
360,1048002
361,1048334
362,1048407
363,1048436
364,1048501
365,1048522
366,1048637
367,1048812
368,1049063
369,1049210
370,1049518
371,1049573
372,1050042
373,1050133
374,1050166
375,1050427
376,1050835
377,1050899
378,1050939
379,1051072
380,1051137
381,1051274
382,1051331
383,1051398
384,1051443
385,1051477
386,1051551
387,1051596
388,1051697
389,1052029
390,1052037
391,1052088
392,1052124
393,1052172
394,1052356
395,1052511
396,1052544
397,1052558
398,1052560
399,1052575
400,1052821
401,1052980
402,1053034
403,1053267
404,1053343
405,1053470
406,1053607
407,1053619
408,1053726
409,1053905
410,1053912
411,1054015
412,1054110
413,1054237
414,1054292
415,1054397
416,1054435
417,1054528
418,1054623
419,1054664
420,1054948
421,1055021
422,1055068
423,1055614
424,1055796
425,1055910
426,1055974
427,1056085
428,1056216
429,1056694
430,1056786
431,1056865
432,1056888
433,1056944
434,1057067
435,1057099
436,1057272
437,1057433
438,1057625
439,1058251
440,1058324
441,1058390
442,1058643
443,1058729
444,1058741
445,1058765
446,1058833
447,1058859
448,1058928
449,1059011
450,1059116
451,1059646
452,1059738
453,1059855
454,1060607
455,1060619
456,1060663
457,1060709
458,1061026
459,1061116
460,1061143
461,1061333
462,1061405
463,1061622
464,1062043
465,1062448
466,1062455
467,1062567
468,1062773
469,1063549
470,1063660
471,1063754
472,1063828
473,1063834
474,1064301
475,1064322
476,1064581
477,1064723
478,1064870
479,1065031
480,1065180
481,1065262
482,1065355
483,1065538
484,1065591
485,1065668
486,1065820
487,1065847
488,1066041
489,1066212
490,1066493
491,1066509
492,1066560
493,1066843
494,1066868
495,1067056
496,1067171
497,1067689
498,1067693
499,1067736
500,1067755
501,1067781
502,1067939
503,1068125
504,1068237
505,1068326
506,1068383
507,1068804
508,1068862
509,1068981
510,1069272
511,1069373
512,1069584
513,1069603
514,1069687
515,1069858
516,1070066
517,1070309
518,1070344
519,1070383
520,1070413
521,1070499
522,1070517
523,1070561
524,1070750
525,1070818
526,1070830
527,1070851
528,1070924
529,1071084
530,1071424
531,1071463
532,1071606
533,1071629
534,1071991
535,1072097
536,1072177
537,1072457
538,1072498
539,1072537
540,1072541
541,1072881
542,1072973
543,1073057
544,1073079
545,1073273
546,1073307
547,1073458
548,1073677
549,1073684
550,1073737
551,1073753
552,1073770
553,1073934
554,1073945
555,1073961
556,1073976
557,1074069
558,1074226
559,1074232
560,1074314
561,1074337
562,1074557
563,1074617
564,1074628
565,1074634
566,1074916
567,1075063
568,1075287
569,1075468
570,1075504
571,1075549
572,1075959
573,1076123
574,1076140
575,1076157
576,1076349
577,1076826
578,1076858
579,1076860
580,1077193
581,1077403
582,1077469
583,1077798
584,1077806
585,1078104
586,1078222
587,1078278
588,1078395
589,1078726
590,1078760
591,1078874
592,1078931
593,1078964
594,1078986
595,1079223
596,1079597
597,1079733
598,1079782
599,1079946
600,1080695
601,1080815
602,1080847
603,1080859
604,1080952
605,1081070
606,1081181
607,1081240
608,1081338
609,1081511
610,1081604
611,1081720
612,1081766
613,1081839
614,1081868
615,1081935
616,1082019
617,1082225
618,1082644
619,1082828
620,1083016
621,1083077
622,1083259
623,1083567
624,1083580
625,1083812
626,1083879
627,1084272
628,1084318
629,1084351
630,1084385
631,1084415
632,1084521
633,1084669
634,1084700
635,1084789
636,1084860
637,1085173
638,1085201
639,1085299
640,1085384
641,1085559
642,1085681
643,1085760
644,1085869
645,1085979
646,1086044
647,1086083
648,1086097
649,1086333
650,1086464
651,1086565
652,1086678
653,1086904
654,1087082
655,1087206
656,1087332
657,1087397
658,1087422
659,1087534
660,1088115
661,1088652
662,1088921
663,1089062
664,1089176
665,1089193
666,1089202
667,1089250
668,1089301
669,1089378
670,1089548
671,1089572
672,1089608
673,1089633
674,1089705
675,1089892
676,1090328
677,1090407
678,1090501
679,1090522
680,1090864
681,1091051
682,1091250
683,1091284
684,1091313
685,1091410
686,1091682
687,1091757
688,1091786
689,1092118
690,1092149
691,1092339
692,1092437
693,1092648
694,1092655
695,1092964
696,1093053
697,1093212
698,1093257
699,1093310
700,1093391
701,1093445
702,1093526
703,1093544
704,1093618
705,1093816
706,1093821
707,1093843
708,1093978
709,1094102
710,1094245
711,1094289
712,1094423
713,1094769
714,1094855
715,1094918
716,1094951
717,1095042
718,1095427
719,1095748
720,1096007
721,1096055
722,1096063
723,1096238
724,1096340
725,1096450
726,1096504
727,1096609
728,1096780
729,1096861
730,1096915
731,1097005
732,1097079
733,1097307
734,1097336
735,1097381
736,1097525
737,1097538
738,1097616
739,1097677
740,1097684
741,1097741
742,1097820
743,1097871
744,1097961
745,1098022
746,1098351
747,1098396
748,1098459
749,1098466
750,1098906
751,1099174
752,1099187
753,1099358
754,1099413
755,1099446
756,1099948
757,1099981
758,1100005
759,1100122
760,1100444
761,1100602
762,1100859
763,1100917
764,1100934
765,1100952
766,1101124
767,1101310
768,1101417
769,1101532
770,1101597
771,1101618
772,1102331
773,1102364
774,1102439
775,1102609
776,1103629
777,1103805
778,1104140
779,1104219
780,1104248
781,1104351
782,1105368
783,1105672
784,1105681
785,1105887
786,1106168
787,1106184
788,1106234
789,1106366
790,1106613
791,1106703
792,1106791
793,1107528
794,1107534
795,1107862
796,1107948
797,1107963
798,1107981
799,1108091
800,1108297
801,1108485
802,1108512
803,1108564
804,1108617
805,1108748
806,1109027
807,1109062
808,1109202
809,1109335
810,1109572
811,1109682
812,1109723
813,1109798
814,1110047
815,1110142
816,1110948
817,1111068
818,1111393
819,1111448
820,1111513
821,1111580
822,1111812
823,1112044
824,1112234
825,1112245
826,1112308
827,1112333
828,1112359
829,1112423
830,1112791
831,1112855
832,1112881
833,1113167
834,1113218
835,1113296
836,1113381
837,1113409
838,1113460
839,1113753
840,1114010
841,1114120
842,1114337
843,1114846
844,1114977
845,1115090
846,1115141
847,1115549
848,1115660
849,1115713
850,1115845
851,1116022
852,1116123
853,1116236
854,1116272
855,1116351
856,1117018
857,1117073
858,1117152
859,1117216
860,1117284
861,1117590
862,1117740
863,1117853
864,1118280
865,1118957
866,1119264
867,1119369
868,1119400
869,1119452
870,1119733
871,1119782
872,1120069
873,1120120
874,1120166
875,1120275
876,1120314
877,1120418
878,1120512
879,1120617
880,1120707
881,1120801
882,1120902
883,1121055
884,1121238
885,1121800
886,1121876
887,1122092
888,1122303
889,1122325
890,1122338
891,1122417
892,1122511
893,1122843
894,1122913
895,1123017
896,1123028
897,1123222
898,1123453
899,1123520
900,1123619
901,1123690
902,1123797
903,1123856
904,1123891
905,1124071
906,1124332
907,1124360
908,1124375
909,1124454
910,1124467
911,1124561
912,1124631
913,1124777
914,1124784
915,1125448
916,1125455
917,1125665
918,1125670
919,1125718
920,1126161
921,1126524
922,1126682
923,1126779
924,1127123
925,1127207
926,1127224
927,1127263
928,1127281
929,1127396
930,1127471
931,1127502
932,1127543
933,1127669
934,1127691
935,1127717
936,1127875
937,1127897
938,1127992
939,1128230
940,1128336
941,1128390
942,1128556
943,1128952
944,1129245
945,1129261
946,1129320
947,1129541
948,1129904
949,1130302
950,1130339
951,1130838
952,1130887
953,1130923
954,1130964
955,1131177
956,1131431
957,1131678
958,1131787
959,1132109
960,1132220
961,1132294
962,1132513
963,1132580
964,1132718
965,1133024
966,1133081
967,1133129
968,1133291
969,1133573
970,1133658
971,1133933
972,1134469
973,1134615
974,1134671
975,1134841
976,1134853
977,1135023
978,1135122
979,1135218
980,1135307
981,1135372
982,1135381
983,1135643
984,1135714
985,1135792
986,1136041
987,1136053
988,1136205
989,1136303
990,1136342
991,1136356
992,1136618
993,1136673
994,1136901
995,1136967
996,1137010
997,1137038
998,1137171
999,1137689
1000,1137719
1001,1137878
1002,1137921
1003,1137977
1004,1138169
1005,1138467
1006,1138517
1007,1138750
1008,1138784
1009,1139207
1010,1139236
1011,1139471
1012,1139502
1013,1139603
1014,1139656
1015,1139717
1016,1139734
1017,1139906
1018,1140016
1019,1140233
1020,1140271
1021,1140317
1022,1140641
1023,1140956
1024,1140969
1025,1141085
1026,1141128
1027,1141152
1028,1141202
1029,1141239
1030,1141250
1031,1141313
1032,1141536
1033,1141548
1034,1141563
1035,1141608
1036,1141633
1037,1141841
1038,1141865
1039,1141944
1040,1142162
1041,1142429
1042,1142437
1043,1142453
1044,1142838
1045,1142979
1046,1143163
1047,1143212
1048,1143303
1049,1143391
1050,1143685
1051,1143766
1052,1143850
1053,1144261
1054,1144308
1055,1144464
1056,1144756
1057,1145056
1058,1145166
1059,1145171
1060,1145182
1061,1145283
1062,1145341
1063,1145427
1064,1145496
1065,1145512
1066,1145645
1067,1145661
1068,1145772
1069,1145822
1070,1145984
1071,1146048
1072,1146238
1073,1146242
1074,1146331
1075,1146364
1076,1146477
1077,1146551
1078,1146632
1079,1146778
1080,1146908
1081,1147178
1082,1147218
1083,1147227
1084,1147372
1085,1147426
1086,1147497
1087,1147525
1088,1147643
1089,1147650
1090,1147737
1091,1148105
1092,1148236
1093,1148521
1094,1148543
1095,1148577
1096,1148826
1097,1148875
1098,1148953
1099,1148965
1100,1148988
1101,1149015
1102,1149288
1103,1149332
1104,1149422
1105,1149818
1106,1149849
1107,1150041
1108,1150124
1109,1150212
1110,1150298
1111,1150338
1112,1150604
1113,1150673
1114,1150839
1115,1150901
1116,1151008
1117,1151110
1118,1151229
1119,1151309
1120,1151561
1121,1151657
1122,1151777
1123,1151955
1124,1151981
1125,1152010
1126,1152087
1127,1152260
1128,1152719
1129,1152984
1130,1153189
1131,1153268
1132,1153555
1133,1153581
1134,1153814
1135,1153865
1136,1154055
1137,1154153
1138,1154305
1139,1154504
1140,1154799
1141,1155447
1142,1155459
1143,1155543
1144,1155717
1145,1155929
1146,1156173
1147,1156201
1148,1156254
1149,1156316
1150,1156488
1151,1156619
1152,1156681
1153,1156758
1154,1156931
1155,1157016
1156,1157077
1157,1157233
1158,1157513
1159,1157898
1160,1158150
1161,1158184
1162,1158228
1163,1158252
1164,1158315
1165,1158486
1166,1158613
1167,1158622
1168,1158703
1169,1158742
1170,1158836
1171,1159273
1172,1159296
1173,1159363
1174,1159460
1175,1159569
1176,1159677
1177,1159706
1178,1159808
1179,1159847
1180,1159976
1181,1160018
1182,1160117
1183,1160193
1184,1160380
1185,1160487
1186,1160519
1187,1160837
1188,1161023
1189,1161285
1190,1161324
1191,1161643
1192,1161882
1193,1162013
1194,1162078
1195,1162080
1196,1162207
1197,1162330
1198,1162433
1199,1162447
1200,1162610
1201,1162700
1202,1162906
1203,1162929
1204,1163110
1205,1163125
1206,1163311
1207,1163561
1208,1163698
1209,1163777
1210,1163784
1211,1163818
1212,1163955
1213,1164000
1214,1164052
1215,1164130
1216,1164299
1217,1164302
1218,1164465
1219,1164488
1220,1164775
1221,1164810
1222,1164825
1223,1164838
1224,1164912
1225,1164931
1226,1164986
1227,1165195
1228,1165541
1229,1165703
1230,1165824
1231,1165848
1232,1165872
1233,1166010
1234,1166108
1235,1166115
1236,1166171
1237,1166283
1238,1166598
1239,1166736
1240,1166835
1241,1166899
1242,1167374
1243,1167627
1244,1167651
1245,1167715
1246,1167733
1247,1167946
1248,1168019
1249,1168024
1250,1168048
1251,1168072
1252,1168269
1253,1168386
1254,1168477
1255,1168611
1256,1168658
1257,1168735
1258,1168889
1259,1169259
1260,1169334
1261,1169376
1262,1170036
1263,1170055
1264,1170530
1265,1170573
1266,1170658
1267,1170660
1268,1171642
1269,1171687
1270,1171700
1271,1171832
1272,1172542
1273,1172714
1274,1172788
1275,1172900
1276,1173075
1277,1173143
1278,1173261
1279,1173276
1280,1173333
1281,1173440
1282,1173601
1283,1173680
1284,1174124
1285,1174148
1286,1174342
1287,1174400
1288,1174445
1289,1174476
1290,1174544
1291,1174901
1292,1174999
1293,1175094
1294,1175103
1295,1175156
1296,1175593
1297,1175907
1298,1175924
1299,1175990
1300,1176068
1301,1176160
1302,1176637
1303,1176641
1304,1176727
1305,1176730
1306,1176749
1307,1176751
1308,1176831
1309,1176969
1310,1177246
1311,1177267
1312,1177302
1313,1177368
1314,1177441
1315,1177508
1316,1177594
1317,1177648
1318,1177663
1319,1177726
1320,1177797
1321,1178128
1322,1178216
1323,1178346
1324,1178399
1325,1178442
1326,1178555
1327,1178671
1328,1178764
1329,1178865
1330,1179115
1331,1179462
1332,1179579
1333,1179652
1334,1179693
1335,1179995
1336,1180032
1337,1180261
1338,1180276
1339,1180366
1340,1180405
1341,1180440
1342,1180506
1343,1180514
1344,1180537
1345,1180588
1346,1180703
1347,1180807
1348,1180863
1349,1181449
1350,1181512
1351,1181693
1352,1182047
1353,1182138
1354,1182397
1355,1182589
1356,1182623
1357,1182686
1358,1182750
1359,1182795
1360,1182862
1361,1183112
1362,1183198
1363,1183236
1364,1183255
1365,1183272
1366,1183466
1367,1183568
1368,1183577
1369,1183761
1370,1183844
1371,1184084
1372,1184132
1373,1184247
1374,1184773
1375,1184886
1376,1184903
1377,1185243
1378,1185740
1379,1185786
1380,1186101
1381,1186296
1382,1186355
1383,1186650
1384,1186695
1385,1186866
1386,1187398
1387,1187468
1388,1187596
1389,1187611
1390,1187876
1391,1188148
1392,1188374
1393,1188489
1394,1188526
1395,1189089
1396,1189151
1397,1189278
1398,1189441
1399,1189690
1400,1189709
1401,1189838
1402,1190054
1403,1190067
1404,1190186
1405,1190263
1406,1190595
1407,1190687
1408,1190811
1409,1190970
1410,1191017
1411,1191093
1412,1191343
1413,1191406
1414,1191663
1415,1191690
1416,1191887
1417,1192073
1418,1192152
1419,1192221
1420,1192243
1421,1192469
1422,1192620
1423,1192633
1424,1192666
1425,1192865
1426,1192870
1427,1192911
1428,1193069
1429,1193182
1430,1193557
1431,1193707
1432,1193724
1433,1193755
1434,1193902
1435,1194086
1436,1194122
1437,1194251
1438,1194602
1439,1194643
1440,1194847
1441,1194934
1442,1195053
1443,1195223
1444,1195310
1445,1195630
1446,1195651
1447,1195877
1448,1196015
1449,1196103
1450,1196292
1451,1196413
1452,1196500
1453,1196561
1454,1196873
1455,1196963
1456,1197261
1457,1197293
1458,1197359
1459,1197680
1460,1197848
1461,1197930
1462,1197949
1463,1198050
1464,1198259
1465,1198266
1466,1198294
1467,1198345
1468,1198389
1469,1198637
1470,1198773
1471,1198805
1472,1198823
1473,1199153
1474,1199443
1475,1199450
1476,1199477
1477,1199697
1478,1199754
1479,1199876
1480,1199893
1481,1199994
1482,1200071
1483,1200358
1484,1200435
1485,1200743
1486,1200784
1487,1200981
1488,1200990
1489,1201247
1490,1201317
1491,1201535
1492,1201688
1493,1202075
1494,1202289
1495,1202315
1496,1202333
1497,1202412
1498,1202769
1499,1202996
1500,1203057
1501,1203178
1502,1203497
1503,1203894
1504,1203917
1505,1203928
1506,1204211
1507,1204232
1508,1204505
1509,1204719
1510,1204835
1511,1204902
1512,1204995
1513,1205036
1514,1205269
1515,1205287
1516,1205364
1517,1205443
1518,1205551
1519,1205611
1520,1205852
1521,1205966
1522,1206046
1523,1206105
1524,1206123
1525,1206164
1526,1206207
1527,1206385
1528,1206408
1529,1206656
1530,1207073
1531,1207221
1532,1207295
1533,1207354
1534,1207474
1535,1207555
1536,1207590
1537,1207806
1538,1207960
1539,1208000
1540,1208028
1541,1208045
1542,1208052
1543,1208246
1544,1208492
1545,1208571
1546,1208797
1547,1208931
1548,1209041
1549,1209124
1550,1209136
1551,1209303
1552,1209843
1553,1210193
1554,1210202
1555,1210403
1556,1210456
1557,1210723
1558,1210764
1559,1210798
1560,1210806
1561,1211319
1562,1211372
1563,1211525
1564,1211616
1565,1211639
1566,1211677
1567,1211737
1568,1211894
1569,1211945
1570,1212123
1571,1212236
1572,1212362
1573,1212471
1574,1212642
1575,1212860
1576,1212970
1577,1213309
1578,1213358
1579,1213446
1580,1213534
1581,1213631
1582,1213664
1583,1213795
1584,1213804
1585,1213907
1586,1214130
1587,1214299
1588,1214339
1589,1214566
1590,1214711
1591,1214931
1592,1214998
1593,1215139
1594,1215440
1595,1215514
1596,1215570
1597,1215588
1598,1215601
1599,1215680
1600,1215710
1601,1215756
1602,1215927
1603,1216260
1604,1216314
1605,1216523
1606,1216617
1607,1216763
1608,1216822
1609,1216835
1610,1216921
1611,1217029
1612,1217172
1613,1217279
1614,1217338
1615,1217509
1616,1218019
1617,1218048
1618,1218090
1619,1218312
1620,1218386
1621,1218443
1622,1218450
1623,1218468
1624,1218504
1625,1218713
1626,1219002
1627,1219328
1628,1219730
1629,1219831
1630,1219987
1631,1220118
1632,1220690
1633,1220825
1634,1220957
1635,1221009
1636,1221195
1637,1221252
1638,1221293
1639,1221308
1640,1221486
1641,1221667
1642,1221703
1643,1221725
1644,1221863
1645,1222513
1646,1222546
1647,1222554
1648,1222629
1649,1222670
1650,1222805
1651,1222956
1652,1222987
1653,1223210
1654,1223530
1655,1223660
1656,1223701
1657,1223947
1658,1224161
1659,1224659
1660,1224958
1661,1224983
1662,1225154
1663,1225307
1664,1225542
1665,1225621
1666,1225788
1667,1225945
1668,1226092
1669,1226286
1670,1226303
1671,1226476
1672,1226526
1673,1226630
1674,1226715
1675,1226946
1676,1226954
1677,1227091
1678,1227244
1679,1227329
1680,1227689
1681,1227854
1682,1227943
1683,1227995
1684,1228020
1685,1228082
1686,1228265
1687,1228344
1688,1228467
1689,1228545
1690,1228612
1691,1228990
1692,1229022
1693,1229067
1694,1229290
1695,1229494
1696,1229502
1697,1229568
1698,1229700
1699,1229793
1700,1229811
1701,1229826
1702,1229858
1703,1229860
1704,1229897
1705,1229965
1706,1230287
1707,1230596
1708,1230713
1709,1230722
1710,1230746
1711,1231131
1712,1231207
1713,1231642
1714,1231953
1715,1232012
1716,1232444
1717,1232458
1718,1232475
1719,1232556
1720,1232616
1721,1232684
1722,1232917
1723,1232934
1724,1233143
1725,1233308
1726,1233486
1727,1233506
1728,1234279
1729,1234391
1730,1234452
1731,1234511
1732,1234720
1733,1234877
1734,1234980
1735,1235008
1736,1235059
1737,1235156
1738,1235187
1739,1235214
1740,1235326
1741,1235499
1742,1236158
1743,1236424
1744,1236614
1745,1236773
1746,1236840
1747,1237017
1748,1237061
1749,1237235
1750,1237280
1751,1237655
1752,1237663
1753,1237672
1754,1237758
1755,1237803
1756,1237891
1757,1237940
1758,1237998
1759,1238615
1760,1238666
1761,1238731
1762,1238786
1763,1238814
1764,1238944
1765,1239427
1766,1239523
1767,1239736
1768,1239755
1769,1239943
1770,1239950
1771,1240180
1772,1240324
1773,1240363
1774,1240460
1775,1240483
1776,1240621
1777,1240871
1778,1240882
1779,1241124
1780,1241417
1781,1241434
1782,1241526
1783,1241583
1784,1241766
1785,1241821
1786,1241980
1787,1242170
1788,1242379
1789,1242398
1790,1242530
1791,1242549
1792,1242609
1793,1242845
1794,1243095
1795,1243158
1796,1243215
1797,1243580
1798,1243614
1799,1243785
1800,1243903
1801,1244207
1802,1244318
1803,1244327
1804,1244577
1805,1244595
1806,1244669
1807,1244674
1808,1244700
1809,1244717
1810,1244745
1811,1244832
1812,1244937
1813,1245052
1814,1245089
1815,1245162
1816,1245368
1817,1245384
1818,1245441
1819,1245559
1820,1245744
1821,1246032
1822,1246200
1823,1246245
1824,1246431
1825,1246440
1826,1246457
1827,1246479
1828,1246769
1829,1247020
1830,1247103
1831,1247375
1832,1247397
1833,1247545
1834,1247640
1835,1247664
1836,1247924
1837,1247981
1838,1248003
1839,1248108
1840,1248473
1841,1248617
1842,1248676
1843,1248693
1844,1248736
1845,1248878
1846,1248880
1847,1248939
1848,1248943
1849,1249085
1850,1249176
1851,1249202
1852,1249239
1853,1249243
1854,1249354
1855,1249519
1856,1250132
1857,1250197
1858,1250419
1859,1250448
1860,1250535
1861,1250812
1862,1250857
1863,1251152
1864,1251176
1865,1251284
1866,1251519
1867,1251548
1868,1251705
1869,1251731
1870,1251960
1871,1252061
1872,1252321
1873,1252533
1874,1252582
1875,1252663
1876,1253037
1877,1253338
1878,1253342
1879,1253445
1880,1253476
1881,1253685
1882,1253747
1883,1253922
1884,1254102
1885,1254184
1886,1254276
1887,1254371
1888,1254423
1889,1254514
1890,1254529
1891,1254738
1892,1254824
1893,1254930
1894,1254985
1895,1255283
1896,1255329
1897,1255781
1898,1255822
1899,1255835
1900,1255878
1901,1256256
1902,1256291
1903,1256312
1904,1256340
1905,1256660
1906,1256845
1907,1256920
1908,1257086
1909,1257426
1910,1257741
1911,1257770
1912,1257859
1913,1257882
1914,1257993
1915,1258013
1916,1258080
1917,1258219
1918,1258290
1919,1258349
1920,1258502
1921,1258809
1922,1259187
1923,1259253
1924,1259397
1925,1259768
1926,1260065
1927,1260070
1928,1260155
1929,1260310
1930,1260509
1931,1260575
1932,1260651
1933,1260708
1934,1260954
1935,1261071
1936,1261169
1937,1261326
1938,1261375
1939,1261593
1940,1261698
1941,1261750
1942,1261768
1943,1261862
1944,1262115
1945,1262209
1946,1262275
1947,1262337
1948,1262418
1949,1262540
1950,1262557
1951,1262652
1952,1262676
1953,1262878
1954,1263049
1955,1263277
1956,1263367
1957,1263380
1958,1263425
1959,1263507
1960,1263536
1961,1263572
1962,1263590
1963,1263740
1964,1263870
1965,1263909
1966,1263960
1967,1264090
1968,1264331
1969,1264660
1970,1264697
1971,1264971
1972,1265054
1973,1265447
1974,1265674
1975,1265811
1976,1265826
1977,1265883
1978,1265897
1979,1265929
1980,1266339
1981,1266515
1982,1266672
1983,1266681
1984,1266905
1985,1266979
1986,1267688
1987,1268097
1988,1268405
1989,1268412
1990,1268613
1991,1268622
1992,1268807
1993,1269426
1994,1269460
1995,1269695
1996,1269706
1997,1269976
1998,1270150
1999,1270228
2000,1270315
2001,1270405
2002,1270646
2003,1271258
2004,1271388
2005,1271392
2006,1271496
2007,1271600
2008,1271878
2009,1271880
2010,1271902
2011,1272103
2012,1272214
2013,1272229
2014,1272237
2015,1272309
2016,1272478
2017,1272721
2018,1273067
2019,1273255
2020,1273263
2021,1273408
2022,1273610
2023,1273761
2024,1273811
2025,1273906
2026,1274039
2027,1274043
2028,1274160
2029,1274424
2030,1274606
2031,1274637
2032,1274910
2033,1275367
2034,1276064
2035,1276135
2036,1276227
2037,1276866
2038,1276961
2039,1277072
2040,1277129
2041,1277165
2042,1277242
2043,1277477
2044,1277828
2045,1278014
2046,1278037
2047,1278148
2048,1278428
2049,1278461
2050,1278597
2051,1278759
2052,1278816
2053,1278895
2054,1279162
2055,1279201
2056,1279278
2057,1279414
2058,1279453
2059,1279508
2060,1279648
2061,1279672
2062,1279709
2063,1279711
2064,1279803
2065,1279998
2066,1280035
2067,1280067
2068,1280131
2069,1280140
2070,1280157
2071,1280164
2072,1280318
2073,1280471
2074,1280539
2075,1280674
2076,1280811
2077,1280858
2078,1281028
2079,1281061
2080,1281076
2081,1281316
2082,1281414
2083,1281488
2084,1281690
2085,1281874
2086,1281905
2087,1281940
2088,1281979
2089,1282049
2090,1282085
2091,1282134
2092,1282410
2093,1282491
2094,1282712
2095,1282814
2096,1282829
2097,1283074
2098,1283166
2099,1283512
2100,1283676
2101,1283813
2102,1283968
2103,1284031
2104,1284040
2105,1284122
2106,1284285
2107,1284390
2108,1284483
2109,1284538
2110,1284900
2111,1285053
2112,1285172
2113,1285223
2114,1285264
2115,1285303
2116,1285445
2117,1285489
2118,1285618
2119,1285651
2120,1285954
2121,1286047
2122,1286270
2123,1286413
2124,1286454
2125,1286517
2126,1286955
2127,1287200
2128,1287261
2129,1287289
2130,1287293
2131,1287315
2132,1287320
2133,1287431
2134,1287667
2135,1287742
2136,1287872
2137,1287962
2138,1288002
2139,1288043
2140,1288084
2141,1288271
2142,1288393
2143,1288567
2144,1288641
2145,1288692
2146,1288730
2147,1288749
2148,1288857
2149,1289007
2150,1289063
2151,1289081
2152,1289242
2153,1289287
2154,1289340
2155,1289697
2156,1289800
2157,1289908
2158,1290074
2159,1290133
2160,1290232
2161,1290523
2162,1290598
2163,1290628
2164,1290634
2165,1290645
2166,1290676
2167,1290748
2168,1290880
2169,1290921
2170,1291305
2171,1291722
2172,1291876
2173,1291893
2174,1291971
2175,1291982
2176,1292029
2177,1292124
2178,1292155
2179,1292286
2180,1292325
2181,1292338
2182,1292583
2183,1292604
2184,1292733
2185,1292771
2186,1292843
2187,1292877
2188,1293201
2189,1293316
2190,1293368
2191,1293559
2192,1293624
2193,1293783
2194,1293905
2195,1293979
2196,1294008
2197,1294071
2198,1294103
2199,1294142
2200,1294383
2201,1294561
2202,1294750
2203,1294768
2204,1294948
2205,1295215
2206,1295282
2207,1295317
2208,1295352
2209,1295419
2210,1295436
2211,1295472
2212,1295522
2213,1295641
2214,1296161
2215,1296193
2216,1296295
2217,1296335
2218,1296469
2219,1296507
2220,1296647
2221,1296911
2222,1297186
2223,1297349
2224,1297433
2225,1297447
2226,1297642
2227,1297717
2228,1297906
2229,1298031
2230,1298218
2231,1298460
2232,1298677
2233,1298741
2234,1298993
2235,1299044
2236,1299097
2237,1299143
2238,1299200
2239,1299405
2240,1299787
2241,1300053
2242,1300286
2243,1300303
2244,1300374
2245,1300509
2246,1300558
2247,1300618
2248,1300946
2249,1301332
2250,1301589
2251,1301612
2252,1301936
2253,1301948
2254,1302341
2255,1302404
2256,1302689
2257,1303134
2258,1303798
2259,1303911
2260,1304063
2261,1304192
2262,1304439
2263,1304477
2264,1304549
2265,1304697
2266,1304713
2267,1304767
2268,1304876
2269,1304889
2270,1304933
2271,1305080
2272,1305140
2273,1305164
2274,1305255
2275,1305318
2276,1305521
2277,1305793
2278,1305826
2279,1306533
2280,1306655
2281,1306681
2282,1306744
2283,1306931
2284,1306940
2285,1307077
2286,1307215
2287,1307567
2288,1307629
2289,1307812
2290,1307974
2291,1308026
2292,1308044
2293,1308347
2294,1308366
2295,1308537
2296,1308680
2297,1308836
2298,1308890
2299,1310050
2300,1310160
2301,1310175
2302,1310481
2303,1310606
2304,1310670
2305,1310823
2306,1311134
2307,1311284
2308,1311295
2309,1311456
2310,1311548
2311,1311563
2312,1311590
2313,1311615
2314,1311944
2315,1312196
2316,1312302
2317,1312368
2318,1312744
2319,1312825
2320,1312869
2321,1313445
2322,1313493
2323,1313649
2324,1313651
2325,1313954
2326,1314032
2327,1314177
2328,1314440
2329,1314514
2330,1314529
2331,1314646
2332,1314930
2333,1315512
2334,1315564
2335,1315822
2336,1315867
2337,1315880
2338,1315902
2339,1316398
2340,1316468
2341,1316495
2342,1316562
2343,1316920
2344,1318054
2345,1318123
2346,1318207
2347,1318362
2348,1318385
2349,1318543
2350,1318577
2351,1318669
2352,1318941
2353,1318988
2354,1319169
2355,1319375
2356,1319500
2357,1319851
2358,1320011
2359,1320200
2360,1320234
2361,1320252
2362,1320320
2363,1320405
2364,1320423
2365,1320553
2366,1320774
2367,1321091
2368,1321275
2369,1321306
2370,1321314
2371,1321365
2372,1321755
2373,1321772
2374,1321846
2375,1322033
2376,1322047
2377,1322326
2378,1322593
2379,1322679
2380,1322830
2381,1322873
2382,1322896
2383,1323046
2384,1323207
2385,1323255
2386,1323610
2387,1323625
2388,1323734
2389,1323883
2390,1324334
2391,1324376
2392,1324580
2393,1325049
2394,1325062
2395,1325519
2396,1325740
2397,1325892
2398,1326273
2399,1326538
2400,1326591
2401,1326602
2402,1326668
2403,1326695
2404,1326729
2405,1326917
2406,1327036
2407,1327081
2408,1327090
2409,1327114
2410,1327238
2411,1327778
2412,1327828
2413,1327908
2414,1328124
2415,1328155
2416,1328163
2417,1328205
2418,1328223
2419,1328298
2420,1328597
2421,1328649
2422,1328935
2423,1328946
2424,1329093
2425,1329104
2426,1329302
2427,1329384
2428,1329508
2429,1329810
2430,1329986
2431,1330054
2432,1330263
2433,1330385
2434,1330396
2435,1330502
2436,1330761
2437,1330826
2438,1330988
2439,1331118
2440,1331343
2441,1331406
2442,1331520
2443,1331648
2444,1331681
2445,1331869
2446,1332049
2447,1332096
2448,1332161
2449,1332313
2450,1332335
2451,1332378
2452,1332425
2453,1332442
2454,1332694
2455,1332814
2456,1333226
2457,1333275
2458,1333370
2459,1333392
2460,1333404
2461,1333473
2462,1333496
2463,1333598
2464,1333968
2465,1334098
2466,1334135
2467,1334180
2468,1334227
2469,1334409
2470,1334426
2471,1334542
2472,1334639
2473,1334714
2474,1334894
2475,1334993
2476,1335006
2477,1335041
2478,1335387
2479,1335476
2480,1335720
2481,1335794
2482,1335850
2483,1335868
2484,1335901
2485,1336229
2486,1336253
2487,1336292
2488,1336862
2489,1336873
2490,1336924
2491,1337228
2492,1337382
2493,1337440
2494,1337565
2495,1337756
2496,1337819
2497,1338021
2498,1338084
2499,1338095
2500,1338132
2501,1338175
2502,1338389
2503,1338463
2504,1338727
2505,1338749
2506,1338812
2507,1339007
2508,1339019
2509,1339081
2510,1339114
2511,1339210
2512,1339585
2513,1339828
2514,1340145
2515,1340152
2516,1340284
2517,1340932
2518,1340958
2519,1341031
2520,1341180
2521,1341336
2522,1341587
2523,1341643
2524,1341729
2525,1341989
2526,1342105
2527,1342304
2528,1342539
2529,1342776
2530,1342832
2531,1342860
2532,1342929
2533,1342953
2534,1343082
2535,1343103
2536,1343270
2537,1343311
2538,1343446
2539,1343948
2540,1344185
2541,1344235
2542,1344339
2543,1344343
2544,1344377
2545,1344384
2546,1344429
2547,1344547
2548,1344648
2549,1344744
2550,1344775
2551,1344887
2552,1345139
2553,1345276
2554,1345315
2555,1345371
2556,1345382
2557,1345514
2558,1346025
2559,1346042
2560,1346194
2561,1346353
2562,1346430
2563,1346579
2564,1346790
2565,1346880
2566,1347155
2567,1347476
2568,1347649
2569,1347733
2570,1347766
2571,1348072
2572,1348153
2573,1348210
2574,1348256
2575,1348530
2576,1348562
2577,1348675
2578,1348817
2579,1348994
2580,1349247
2581,1349345
2582,1349522
2583,1349653
2584,1349730
2585,1349785
2586,1349969
2587,1350169
2588,1350214
2589,1350237
2590,1350292
2591,1350885
2592,1350896
2593,1350981
2594,1351043
2595,1351068
2596,1351208
2597,1351345
2598,1351472
2599,1351637
2600,1351688
2601,1351762
2602,1351785
2603,1351831
2604,1351987
2605,1352097
2606,1352195
2607,1352289
2608,1352405
2609,1352486
2610,1352699
2611,1352855
2612,1352872
2613,1352973
2614,1352985
2615,1353086
2616,1353432
2617,1353510
2618,1353569
2619,1353976
2620,1354341
2621,1354485
2622,1354736
2623,1354880
2624,1354916
2625,1354921
2626,1354968
2627,1354977
2628,1355188
2629,1355238
2630,1355269
2631,1355443
2632,1355484
2633,1355683
2634,1355817
2635,1356022
2636,1356112
2637,1356123
2638,1356140
2639,1356327
2640,1356494
2641,1356568
2642,1356745
2643,1356789
2644,1356809
2645,1356844
2646,1356937
2647,1356941
2648,1357128
2649,1357403
2650,1357438
2651,1357519
2652,1357524
2653,1357572
2654,1357620
2655,1357647
2656,1357870
2657,1358000
2658,1358034
2659,1358254
2660,1358711
2661,1358775
2662,1358842
2663,1359107
2664,1359205
2665,1359387
2666,1359400
2667,1359583
2668,1359766
2669,1360199
2670,1360230
2671,1360381
2672,1360538
2673,1360602
2674,1360668
2675,1360677
2676,1360714
2677,1360815
2678,1360859
2679,1360866
2680,1360894
2681,1361088
2682,1361124
2683,1361338
2684,1361461
2685,1361511
2686,1362081
2687,1362340
2688,1362379
2689,1362416
2690,1362817
2691,1362852
2692,1363132
2693,1363197
2694,1363220
2695,1363300
2696,1363361
2697,1363481
2698,1363490
2699,1363665
2700,1363688
2701,1363796
2702,1363831
2703,1363974
2704,1364224
2705,1364385
2706,1364415
2707,1364420
2708,1364745
2709,1364811
2710,1364832
2711,1365000
2712,1365076
2713,1365547
2714,1365582
2715,1365636
2716,1365648
2717,1365690
2718,1365732
2719,1365775
2720,1365783
2721,1365810
2722,1365979
2723,1366083
2724,1366217
2725,1366276
2726,1366315
2727,1366654
2728,1366791
2729,1366962
2730,1366996
2731,1367125
2732,1367187
2733,1367191
2734,1367311
2735,1367948
2736,1368010
2737,1368283
2738,1368564
2739,1368586
2740,1369239
2741,1369322
2742,1369608
2743,1369671
2744,1369958
2745,1369983
2746,1370010
2747,1370025
2748,1370056
2749,1370087
2750,1370108
2751,1370283
2752,1370297
2753,1370306
2754,1370485
2755,1370505
2756,1370557
2757,1371036
2758,1371072
2759,1371192
2760,1371291
2761,1371386
2762,1371402
2763,1371443
2764,1371562
2765,1371800
2766,1372461
2767,1372901
2768,1372967
2769,1373280
2770,1373350
2771,1373508
2772,1373559
2773,1373672
2774,1373797
2775,1373912
2776,1374059
2777,1374094
2778,1374125
2779,1374237
2780,1374292
2781,1374413
2782,1374605
2783,1374612
2784,1374750
2785,1374936
2786,1375050
2787,1375158
2788,1375259
2789,1375751
2790,1375796
2791,1375840
2792,1375857
2793,1375886
2794,1376284
2795,1376474
2796,1376524
2797,1376757
2798,1376798
2799,1376829
2800,1376926
2801,1376958
2802,1376983
2803,1377179
2804,1377236
2805,1377625
2806,1377669
2807,1377826
2808,1377941
2809,1378040
2810,1378319
2811,1378372
2812,1378483
2813,1378643
2814,1379150
2815,1379276
2816,1379457
2817,1379774
2818,1379881
2819,1380104
2820,1380222
2821,1380235
2822,1380395
2823,1380594
2824,1380732
2825,1380803
2826,1380964
2827,1381177
2828,1381371
2829,1381498
2830,1381514
2831,1381537
2832,1381635
2833,1381725
2834,1381872
2835,1382016
2836,1382215
2837,1382393
2838,1382546
2839,1382925
2840,1383238
2841,1383305
2842,1383416
2843,1383596
2844,1383683
2845,1383817
2846,1383959
2847,1383982
2848,1384128
2849,1384301
2850,1384572
2851,1384633
2852,1384764
2853,1384926
2854,1385101
2855,1385180
2856,1385204
2857,1385218
2858,1385251
2859,1385460
2860,1385639
2861,1385684
2862,1385989
2863,1386041
2864,1386119
2865,1386155
2866,1386434
2867,1386544
2868,1386558
2869,1386630
2870,1386662
2871,1386708
2872,1386843
2873,1386935
2874,1386999
2875,1387171
2876,1387258
2877,1387337
2878,1387748
2879,1387939
2880,1388066
2881,1388191
2882,1388422
2883,1388500
2884,1388605
2885,1388698
2886,1388919
2887,1388972
2888,1389105
2889,1389157
2890,1389687
2891,1389844
2892,1389937
2893,1390153
2894,1390238
2895,1390274
2896,1390398
2897,1390585
2898,1390596
2899,1390644
2900,1390735
2901,1390834
2902,1390845
2903,1390994
2904,1391362
2905,1391385
2906,1391482
2907,1391516
2908,1391860
2909,1391897
2910,1392167
2911,1392381
2912,1392409
2913,1392538
2914,1392729
2915,1392945
2916,1393026
2917,1393184
2918,1393200
2919,1393394
2920,1393479
2921,1393863
2922,1393973
2923,1394006
2924,1394041
2925,1394369
2926,1394400
2927,1394476
2928,1394544
2929,1394627
2930,1394759
2931,1394794
2932,1394901
2933,1395214
2934,1395265
2935,1395326
2936,1395467
2937,1395743
2938,1395777
2939,1395896
2940,1396002
2941,1396490
2942,1396903
2943,1397017
2944,1397130
2945,1397267
2946,1397441
2947,1397470
2948,1397508
2949,1397825
2950,1397986
2951,1398004
2952,1398221
2953,1398250
2954,1398380
2955,1398438
2956,1398581
2957,1398659
2958,1399306
2959,1399557
2960,1400130
2961,1400149
2962,1400151
2963,1400254
2964,1400302
2965,1400368
2966,1400636
2967,1400681
2968,1400825
2969,1401060
2970,1401075
2971,1401097
2972,1401195
2973,1401261
2974,1401431
2975,1401529
2976,1401738
2977,1401807
2978,1401881
2979,1401930
2980,1402522
2981,1402653
2982,1403137
2983,1403192
2984,1403331
2985,1403626
2986,1403675
2987,1403697
2988,1403800
2989,1403834
2990,1403933
2991,1404018
2992,1404030
2993,1404128
2994,1404193
2995,1404322
2996,1404410
2997,1404519
2998,1404536
2999,1404671
3000,1404740
3001,1404841
3002,1405005
3003,1405040
3004,1405135
3005,1405167
3006,1405199
3007,1406006
3008,1406053
3009,1406205
3010,1406387
3011,1406651
3012,1406877
3013,1406913
3014,1406978
3015,1407182
3016,1407275
3017,1407430
3018,1407523
3019,1407557
3020,1407693
3021,1407878
3022,1407899
3023,1407950
3024,1408138
3025,1408288
3026,1408885
3027,1408955
3028,1408963
3029,1409164
3030,1409290
3031,1409610
3032,1409776
3033,1409897
3034,1410120
3035,1410365
3036,1410451
3037,1410557
3038,1410634
3039,1410676
3040,1410790
3041,1410867
3042,1410899
3043,1411165
3044,1411386
3045,1411398
3046,1411632
3047,1411817
3048,1412119
3049,1412190
3050,1412298
3051,1412618
3052,1412766
3053,1412884
3054,1413045
3055,1413267
3056,1413321
3057,1413711
3058,1413732
3059,1413986
3060,1414397
3061,1414500
3062,1414612
3063,1414784
3064,1414818
3065,1414896
3066,1414919
3067,1414924
3068,1415021
3069,1415271
3070,1415864
3071,1415886
3072,1416243
3073,1416410
3074,1416487
3075,1416563
3076,1416958
3077,1417219
3078,1417255
3079,1417290
3080,1417568
3081,1417656
3082,1417691
3083,1417941
3084,1417965
3085,1417988
3086,1418012
3087,1418706
3088,1418770
3089,1418894
3090,1418952
3091,1419139
3092,1419308
3093,1419366
3094,1419405
3095,1419506
3096,1419537
3097,1419541
3098,1419588
3099,1419592
3100,1419635
3101,1420094
3102,1420187
3103,1420241
3104,1420358
3105,1420383
3106,1420401
3107,1420561
3108,1420686
3109,1420777
3110,1420990
3111,1421109
3112,1421183
3113,1421879
3114,1422245
3115,1422252
3116,1422423
3117,1422742
3118,1422819
3119,1422863
3120,1422872
3121,1422927
3122,1422949
3123,1423023
3124,1423098
3125,1423113
3126,1423251
3127,1423262
3128,1423336
3129,1423363
3130,1423542
3131,1423574
3132,1423871
3133,1424056
3134,1424341
3135,1424485
3136,1424676
3137,1425238
3138,1425242
3139,1425644
3140,1425660
3141,1425697
3142,1425828
3143,1425893
3144,1426164
3145,1426207
3146,1426263
3147,1426447
3148,1426516
3149,1426610
3150,1426728
3151,1426844
3152,1426970
3153,1427049
3154,1427295
3155,1427620
3156,1427723
3157,1428028
3158,1428104
3159,1428441
3160,1428690
3161,1428887
3162,1428964
3163,1429006
3164,1429136
3165,1429148
3166,1429181
3167,1429298
3168,1429428
3169,1429604
3170,1429627
3171,1429685
3172,1429901
3173,1430064
3174,1430146
3175,1430154
3176,1430262
3177,1430510
3178,1430556
3179,1430587
3180,1430871
3181,1430961
3182,1431163
3183,1431181
3184,1431257
3185,1431369
3186,1431618
3187,1431630
3188,1431794
3189,1431978
3190,1432210
3191,1432256
3192,1432291
3193,1432305
3194,1432312
3195,1432632
3196,1432644
3197,1432658
3198,1432713
3199,1432735
3200,1432971
3201,1433345
3202,1433436
3203,1433554
3204,1433614
3205,1433670
3206,1433688
3207,1433864
3208,1433910
3209,1433974
3210,1434112
3211,1434207
3212,1434327
3213,1434373
3214,1434595
3215,1434625
3216,1434691
3217,1435130
3218,1435267
3219,1435299
3220,1435441
3221,1435515
3222,1435624
3223,1435709
3224,1435760
3225,1435783
3226,1435838
3227,1436097
3228,1436116
3229,1436139
3230,1436245
3231,1436308
3232,1436431
3233,1436537
3234,1436824
3235,1436872
3236,1437138
3237,1437229
3238,1437478
3239,1437818
3240,1437885
3241,1438087
3242,1438091
3243,1438182
3244,1438283
3245,1438392
3246,1438427
3247,1438531
3248,1438661
3249,1438772
3250,1438790
3251,1438984
3252,1439049
3253,1439100
3254,1439128
3255,1439380
3256,1439507
3257,1439740
3258,1440188
3259,1440504
3260,1440530
3261,1440611
3262,1440683
3263,1440701
3264,1440754
3265,1440893
3266,1440959
3267,1441131
3268,1441408
3269,1441543
3270,1441826
3271,1442040
3272,1442064
3273,1442146
3274,1442355
3275,1442460
3276,1442616
3277,1442668
3278,1443009
3279,1443075
3280,1443276
3281,1443371
3282,1443962
3283,1444029
3284,1444286
3285,1444342
3286,1444417
3287,1444461
3288,1444511
3289,1444575
3290,1444618
3291,1444651
3292,1444821
3293,1444946
3294,1444978
3295,1445066
3296,1445292
3297,1445605
3298,1445885
3299,1445919
3300,1446077
3301,1446084
3302,1446183
3303,1446197
3304,1446271
3305,1446300
3306,1446481
3307,1446501
3308,1446567
3309,1446578
3310,1446580
3311,1446641
3312,1446688
3313,1446857
3314,1446886
3315,1446987
3316,1447118
3317,1447302
3318,1447582
3319,1447636
3320,1447690
3321,1447838
3322,1447905
3323,1448134
3324,1448221
3325,1448268
3326,1448469
3327,1448507
3328,1448960
3329,1449056
3330,1449074
3331,1449087
3332,1449392
3333,1450026
3334,1450044
3335,1450320
3336,1451194
3337,1451392
3338,1451557
3339,1451628
3340,1451645
3341,1451939
3342,1451968
3343,1452008
3344,1452020
3345,1452059
3346,1452071
3347,1452253
3348,1452375
3349,1452480
3350,1452795
3351,1452830
3352,1452896
3353,1452963
3354,1453164
3355,1453327
3356,1453595
3357,1453610
3358,1454247
3359,1454334
3360,1454361
3361,1454513
3362,1454665
3363,1454688
3364,1454910
3365,1455004
3366,1455346
3367,1455442
3368,1455487
3369,1455608
3370,1455786
3371,1455892
3372,1456005
3373,1456218
3374,1456227
3375,1456363
3376,1456961
3377,1456989
3378,1457256
3379,1457323
3380,1457450
3381,1457609
3382,1457632
3383,1457845
3384,1458092
3385,1458119
3386,1458181
3387,1458356
3388,1458445
3389,1458627
3390,1458839
3391,1458946
3392,1458980
3393,1459045
3394,1459089
3395,1459377
3396,1459488
3397,1459508
3398,1459582
3399,1459663
3400,1459681
3401,1459711
3402,1459732
3403,1459758
3404,1459775
3405,1459905
3406,1459964
3407,1460054
3408,1460099
3409,1460236
3410,1460248
3411,1460362
3412,1460408
3413,1460459
3414,1460466
3415,1460471
3416,1460494
3417,1460539
3418,1460577
3419,1460691
3420,1460728
3421,1460776
3422,1460789
3423,1460965
3424,1461940
3425,1462399
3426,1462442
3427,1462487
3428,1462666
3429,1462764
3430,1462779
3431,1462911
3432,1463159
3433,1463430
3434,1463867
3435,1463916
3436,1464122
3437,1464273
3438,1464324
3439,1464381
3440,1464497
3441,1464847
3442,1464952
3443,1465434
3444,1465662
3445,1465816
3446,1465843
3447,1465901
3448,1466047
3449,1466066
3450,1466082
3451,1466309
3452,1466413
3453,1466499
3454,1466545
3455,1466552
3456,1466576
3457,1466784
3458,1466849
3459,1466936
3460,1467011
3461,1467102
3462,1467553
3463,1467565
3464,1467742
3465,1467872
3466,1468043
3467,1468328
3468,1468448
3469,1468580
3470,1468614
3471,1468749
3472,1468831
3473,1468969
3474,1469081
3475,1469170
3476,1469357
3477,1469477
3478,1469933
3479,1469982
3480,1470160
3481,1470208
3482,1470393
3483,1470688
3484,1471301
3485,1471682
3486,1471757
3487,1471829
3488,1472061
3489,1472254
3490,1472343
3491,1472350
3492,1472758
3493,1472869
3494,1473065
3495,1473190
3496,1473240
3497,1473369
3498,1473387
3499,1473708
3500,1473802
3501,1474075
3502,1474083
3503,1474150
3504,1474195
3505,1474234
3506,1474553
3507,1474592
3508,1474769
3509,1475074
3510,1475430
3511,1475617
3512,1475628
3513,1475719
3514,1475813
3515,1476007
3516,1476063
3517,1476129
3518,1476379
3519,1476484
3520,1476551
3521,1476596
3522,1476697
3523,1476778
3524,1477180
3525,1477249
3526,1477324
3527,1477591
3528,1477650
3529,1477706
3530,1477894
3531,1477976
3532,1478099
3533,1478207
3534,1478224
3535,1478811
3536,1478929
3537,1479008
3538,1479071
3539,1479142
3540,1479156
3541,1479383
3542,1479397
3543,1479480
3544,1479528
3545,1479818
3546,1480053
3547,1480088
3548,1480387
3549,1480445
3550,1480696
3551,1480850
3552,1480901
3553,1481103
3554,1481156
3555,1481187
3556,1481528
3557,1481743
3558,1482091
3559,1482427
3560,1482485
3561,1482557
3562,1482693
3563,1482748
3564,1482822
3565,1482880
3566,1482977
3567,1483027
3568,1483469
3569,1483548
3570,1483647
3571,1484269
3572,1484402
3573,1484421
3574,1484800
3575,1485105
3576,1485207
3577,1485272
3578,1485330
3579,1485373
3580,1485550
3581,1485568
3582,1485610
3583,1485793
3584,1486000
3585,1486492
3586,1486520
3587,1486559
3588,1486594
3589,1486681
3590,1486744
3591,1486760
3592,1486810
3593,1486905
3594,1487328
3595,1487762
3596,1487857
3597,1488177
3598,1488184
3599,1488200
3600,1488217
3601,1488228
3602,1488347
3603,1488592
3604,1488710
3605,1488836
3606,1488904
3607,1489098
3608,1489180
3609,1489251
3610,1489262
3611,1489411
3612,1489432
3613,1489542
3614,1489639
3615,1489737
3616,1489788
3617,1489847
3618,1489928
3619,1489993
3620,1490062
3621,1490085
3622,1490096
3623,1490128
3624,1490145
3625,1490152
3626,1490161
3627,1490322
3628,1490378
3629,1490380
3630,1490399
3631,1490757
3632,1491031
3633,1491262
3634,1491285
3635,1491390
3636,1491556
3637,1492046
3638,1492099
3639,1492272
3640,1492351
3641,1492447
3642,1492568
3643,1492970
3644,1493059
3645,1493082
3646,1493288
3647,1493454
3648,1493593
3649,1493907
3650,1493955
3651,1494076
3652,1494130
3653,1494201
3654,1494246
3655,1494891
3656,1495289
3657,1495479
3658,1495863
3659,1496258
3660,1496260
3661,1496916
3662,1496977
3663,1497148
3664,1497387
3665,1497417
3666,1497544
3667,1497685
3668,1497771
3669,1497868
3670,1497954
3671,1498007
3672,1498055
3673,1498153
3674,1498165
3675,1498331
3676,1498398
3677,1498443
3678,1498450
3679,1498722
3680,1498845
3681,1498920
3682,1499160
3683,1499208
3684,1499334
3685,1499455
3686,1499599
3687,1499805
3688,1499831
3689,1499886
3690,1499987
3691,1500175
3692,1500361
3693,1500393
3694,1500522
3695,1500567
3696,1500727
3697,1500773
3698,1500857
3699,1500886
3700,1501030
3701,1501062
3702,1501145
3703,1501176
3704,1501216
3705,1501239
3706,1501403
3707,1501438
3708,1501507
3709,1501608
3710,1501615
3711,1501798
3712,1501870
3713,1501911
3714,1502061
3715,1502149
3716,1502173
3717,1502196
3718,1502235
3719,1502321
3720,1502624
3721,1502663
3722,1502744
3723,1502869
3724,1502874
3725,1502923
3726,1502931
3727,1503006
3728,1503029
3729,1503445
3730,1503461
3731,1503630
3732,1503715
3733,1503884
3734,1504011
3735,1504217
3736,1504382
3737,1504394
3738,1504405
3739,1504565
3740,1504613
3741,1504622
3742,1504710
3743,1504787
3744,1504918
3745,1504962
3746,1505120
3747,1505226
3748,1505418
3749,1505449
3750,1505540
3751,1505579
3752,1505634
3753,1505661
3754,1505707
3755,1505846
3756,1506007
3757,1506048
3758,1506331
3759,1506357
3760,1506364
3761,1506477
3762,1506573
3763,1506632
3764,1506658
3765,1506713
3766,1506834
3767,1506845
3768,1507101
3769,1507199
3770,1507355
3771,1507525
3772,1507602
3773,1507677
3774,1508054
3775,1508123
3776,1508577
3777,1509265
3778,1509454
3779,1509561
3780,1509605
3781,1509716
3782,1509896
3783,1509955
3784,1510101
3785,1510146
3786,1510204
3787,1510307
3788,1510348
3789,1510444
3790,1510460
3791,1510483
3792,1510538
3793,1510770
3794,1510820
3795,1511092
3796,1511124
3797,1511148
3798,1511163
3799,1511575
3800,1511583
3801,1511630
3802,1511673
3803,1511715
3804,1511839
3805,1511901
3806,1511946
3807,1512114
3808,1512165
3809,1512398
3810,1512468
3811,1512675
3812,1512713
3813,1512767
3814,1512828
3815,1512933
3816,1512959
3817,1513077
3818,1513160
3819,1513282
3820,1513294
3821,1513328
3822,1513361
3823,1513578
3824,1513629
3825,1513974
3826,1514022
3827,1514035
3828,1514207
3829,1514290
3830,1514373
3831,1514471
3832,1514568
3833,1514656
3834,1514858
3835,1514929
3836,1514937
3837,1515000
3838,1515173
3839,1515414
3840,1515441
3841,1515744
3842,1515758
3843,1515905
3844,1515931
3845,1515964
3846,1516121
3847,1516200
3848,1516703
3849,1516756
3850,1516807
3851,1516824
3852,1516996
3853,1517253
3854,1517288
3855,1517467
3856,1517528
3857,1517612
3858,1517849
3859,1518025
3860,1518232
3861,1518707
3862,1518916
3863,1519004
3864,1519027
3865,1519073
3866,1519152
3867,1519216
3868,1519284
3869,1519295
3870,1519354
3871,1519380
3872,1519507
3873,1519536
3874,1519712
3875,1519786
3876,1519865
3877,1519960
3878,1520396
3879,1520577
3880,1520687
3881,1520811
3882,1520875
3883,1521000
3884,1521201
3885,1521213
3886,1521758
3887,1521783
3888,1521891
3889,1521923
3890,1521986
3891,1521998
3892,1522018
3893,1522073
3894,1522193
3895,1522277
3896,1522519
3897,1522682
3898,1522723
3899,1523108
3900,1523404
3901,1523586
3902,1523645
3903,1523707
3904,1523736
3905,1523921
3906,1524122
3907,1524249
3908,1524538
3909,1524556
3910,1524808
3911,1524859
3912,1525092
3913,1525172
3914,1525325
3915,1525476
3916,1525558
3917,1525583
3918,1525967
3919,1526008
3920,1526237
3921,1526679
3922,1526818
3923,1526955
3924,1527083
3925,1527177
3926,1527217
3927,1527234
3928,1527371
3929,1527382
3930,1527394
3931,1527622
3932,1527742
3933,1527930
3934,1528208
3935,1528233
3936,1528247
3937,1528317
3938,1528345
3939,1528361
3940,1528419
3941,1528436
3942,1528522
3943,1528567
3944,1528578
3945,1528606
3946,1528641
3947,1528727
3948,1528751
3949,1529188
3950,1529238
3951,1529305
3952,1529312
3953,1529331
3954,1529421
3955,1529562
3956,1529697
3957,1529994
3958,1530025
3959,1530087
3960,1530258
3961,1530531
3962,1530645
3963,1530652
3964,1530676
3965,1530878
3966,1531170
3967,1531203
3968,1531312
3969,1531443
3970,1531530
3971,1531735
3972,1531982
3973,1532006
3974,1532148
3975,1532325
3976,1532476
3977,1532821
3978,1533045
3979,1533061
3980,1533302
3981,1533470
3982,1533775
3983,1533912
3984,1533931
3985,1534326
3986,1534401
3987,1534605
3988,1534679
3989,1534702
3990,1534750
3991,1534784
3992,1535197
3993,1535393
3994,1535751
3995,1535925
3996,1535938
3997,1536073
3998,1536221
3999,1536284
4000,1536870
4001,1537219
4002,1537255
4003,1537415
4004,1537521
4005,1537539
4006,1537761
4007,1537826
4008,1537832
4009,1538086
4010,1538296
4011,1538525
4012,1538616
4013,1538859
4014,1539026
4015,1539289
4016,1539904
4017,1540037
4018,1540181
4019,1540231
4020,1540391
4021,1540511
4022,1540575
4023,1540583
4024,1540649
4025,1541008
4026,1541066
4027,1541241
4028,1541253
4029,1541358
4030,1541422
4031,1541552
4032,1541593
4033,1542003
4034,1542404
4035,1542505
4036,1542707
4037,1542719
4038,1542781
4039,1542822
4040,1542846
4041,1542921
4042,1543277
4043,1543633
4044,1543798
4045,1543911
4046,1544072
4047,1544114
4048,1544165
4049,1544188
4050,1544364
4051,1544611
4052,1544658
4053,1544697
4054,1544966
4055,1545219
4056,1545224
4057,1545420
4058,1545728
4059,1545965
4060,1546201
4061,1546246
4062,1546278
4063,1546465
4064,1546508
4065,1546520
4066,1546709
4067,1546726
4068,1546732
4069,1546758
4070,1546760
4071,1546940
4072,1547376
4073,1547389
4074,1547490
4075,1547692
4076,1547718
4077,1547796
4078,1548139
4079,1548769
4080,1548881
4081,1548985
4082,1549005
4083,1549199
4084,1549285
4085,1549458
4086,1549483
4087,1549556
4088,1549668
4089,1549847
4090,1549866
4091,1549934
4092,1550152
4093,1550202
4094,1550221
4095,1550243
4096,1550277
4097,1550301
4098,1550519
4099,1550909
4100,1551122
4101,1551146
4102,1551788
4103,1551792
4104,1551808
4105,1551928
4106,1552080
4107,1552198
4108,1552351
4109,1552373
4110,1552408
4111,1552577
4112,1552789
4113,1553103
4114,1553237
4115,1553478
4116,1554034
4117,1554076
4118,1554350
4119,1554414
4120,1554672
4121,1555150
4122,1555228
4123,1555333
4124,1555479
4125,1555537
4126,1555601
4127,1555622
4128,1555769
4129,1555791
4130,1555890
4131,1555930
4132,1556147
4133,1556430
4134,1556473
4135,1556531
4136,1556676
4137,1556867
4138,1557240
4139,1557356
4140,1557651
4141,1557935
4142,1558323
4143,1558379
4144,1558484
4145,1558495
4146,1558551
4147,1558596
4148,1559294
4149,1559424
4150,1559463
4151,1559641
4152,1559956
4153,1560169
4154,1560174
4155,1560309
4156,1560499
4157,1560631
4158,1560804
4159,1560818
4160,1560919
4161,1561016
4162,1561393
4163,1561407
4164,1561419
4165,1561554
4166,1561567
4167,1561773
4168,1561805
4169,1561886
4170,1562097
4171,1562116
4172,1562150
4173,1562320
4174,1562333
4175,1562359
4176,1562457
4177,1562464
4178,1562667
4179,1562756
4180,1563012
4181,1563057
4182,1563064
4183,1563086
4184,1563135
4185,1563146
4186,1563154
4187,1563227
4188,1563458
4189,1563621
4190,1563737
4191,1563808
4192,1563882
4193,1563945
4194,1563952
4195,1563993
4196,1564042
4197,1564258
4198,1564275
4199,1564451
4200,1564523
4201,1564652
4202,1564813
4203,1564878
4204,1564880
4205,1564921
4206,1564984
4207,1565048
4208,1565063
4209,1565170
4210,1565256
4211,1565331
4212,1565364
4213,1565701
4214,1565713
4215,1565746
4216,1565982
4217,1566207
4218,1566281
4219,1566304
4220,1566318
4221,1566362
4222,1566373
4223,1566516
4224,1566521
4225,1566941
4226,1567027
4227,1567051
4228,1567128
4229,1567134
4230,1567277
4231,1567633
4232,1567865
4233,1567997
4234,1568130
4235,1568151
4236,1568690
4237,1568775
4238,1569014
4239,1569136
4240,1569597
4241,1569630
4242,1569715
4243,1569802
4244,1569839
4245,1569901
4246,1570076
4247,1570267
4248,1570299
4249,1570368
4250,1570414
4251,1570582
4252,1570648
4253,1570672
4254,1570711
4255,1570838
4256,1570979
4257,1571060
4258,1571150
4259,1571245
4260,1571315
4261,1571394
4262,1571440
4263,1571457
4264,1571592
4265,1571654
4266,1571667
4267,1571710
4268,1571774
4269,1571848
4270,1572077
4271,1572220
4272,1572389
4273,1572606
4274,1572956
4275,1573036
4276,1573072
4277,1573114
4278,1573192
4279,1573238
4280,1573274
4281,1573398
4282,1573416
4283,1573518
4284,1573573
4285,1573780
4286,1573799
4287,1573828
4288,1573908
4289,1574062
4290,1574295
4291,1574399
4292,1574487
4293,1574524
4294,1574563
4295,1575012
4296,1575154
4297,1575180
4298,1575319
4299,1575348
4300,1575363
4301,1575426
4302,1575616
4303,1575815
4304,1575833
4305,1575976
4306,1575993
4307,1576065
4308,1576163
4309,1576338
4310,1576342
4311,1576511
4312,1576662
4313,1576967
4314,1577133
4315,1577194
4316,1577226
4317,1577306
4318,1577365
4319,1577880
4320,1577984
4321,1578033
4322,1578047
4323,1578071
4324,1578138
4325,1578187
4326,1578265
4327,1578358
4328,1578422
4329,1578467
4330,1578716
4331,1578750
4332,1578768
4333,1578885
4334,1579179
4335,1579186
4336,1579290
4337,1579385
4338,1579516
4339,1579595
4340,1579610
4341,1579638
4342,1579691
4343,1579937
4344,1580106
4345,1580129
4346,1580192
4347,1580274
4348,1580357
4349,1580416
4350,1580626
4351,1580908
4352,1581179
4353,1581281
4354,1581304
4355,1581330
4356,1581373
4357,1581502
4358,1581550
4359,1581752
4360,1582135
4361,1582336
4362,1582355
4363,1582444
4364,1582503
4365,1582538
4366,1582737
4367,1582815
4368,1582961
4369,1583083
4370,1583150
4371,1583537
4372,1583710
4373,1583872
4374,1583927
4375,1583985
4376,1584190
4377,1584223
4378,1584369
4379,1584428
4380,1584511
4381,1584560
4382,1584816
4383,1584821
4384,1584978
4385,1585270
4386,1585435
4387,1585552
4388,1585605
4389,1585830
4390,1585851
4391,1585873
4392,1585919
4393,1585981
4394,1586002
4395,1586016
4396,1586197
4397,1586215
4398,1586334
4399,1586578
4400,1586704
4401,1586823
4402,1586903
4403,1586938
4404,1586969
4405,1587034
4406,1587104
4407,1587185
4408,1587470
4409,1587547
4410,1587783
4411,1587874
4412,1588004
4413,1588049
4414,1588051
4415,1588295
4416,1588335
4417,1588572
4418,1588620
4419,1588666
4420,1588682
4421,1588944
4422,1589166
4423,1589341
4424,1589485
4425,1589600
4426,1589617
4427,1589676
4428,1589719
4429,1589801
4430,1589902
4431,1589921
4432,1589995
4433,1590168
4434,1590217
4435,1590440
4436,1590836
4437,1590951
4438,1590962
4439,1591091
4440,1591182
4441,1591275
4442,1591329
4443,1591337
4444,1591365
4445,1591430
4446,1591449
4447,1591707
4448,1591724
4449,1591736
4450,1591763
4451,1591902
4452,1592561
4453,1592605
4454,1592679
4455,1592721
4456,1592963
4457,1593219
4458,1593255
4459,1593318
4460,1593351
4461,1593471
4462,1593584
4463,1593595
4464,1593642
4465,1593809
4466,1593858
4467,1593906
4468,1594175
4469,1594334
4470,1594522
4471,1594670
4472,1594688
4473,1594886
4474,1594974
4475,1594991
4476,1595004
4477,1595073
4478,1595117
4479,1595239
4480,1595313
4481,1595410
4482,1595507
4483,1595590
4484,1595647
4485,1595944
4486,1596012
4487,1596031
4488,1596113
4489,1596307
4490,1596363
4491,1596650
4492,1596714
4493,1596770
4494,1596894
4495,1596900
4496,1597036
4497,1597106
4498,1597203
4499,1597611
4500,1597817
4501,1597861
4502,1597893
4503,1598400
4504,1598733
4505,1598771
4506,1598839
4507,1598843
4508,1598850
4509,1599089
4510,1599127
4511,1599185
4512,1599316
4513,1599343
4514,1599619
4515,1600349
4516,1600466
4517,1600832
4518,1600860
4519,1600953
4520,1601377
4521,1601437
4522,1601515
4523,1601582
4524,1601681
4525,1601825
4526,1601912
4527,1602004
4528,1602176
4529,1602346
4530,1602563
4531,1602572
4532,1602786
4533,1603056
4534,1603087
4535,1603337
4536,1603473
4537,1603628
4538,1603846
4539,1604079
4540,1604178
4541,1604348
4542,1604363
4543,1604432
4544,1604928
4545,1605029
4546,1605070
4547,1605190
4548,1605240
4549,1605286
4550,1605493
4551,1605526
4552,1605980
4553,1606125
4554,1606174
4555,1606206
4556,1606292
4557,1606332
4558,1606344
4559,1606545
4560,1606716
4561,1607139
4562,1607371
4563,1607541
4564,1607565
4565,1607622
4566,1607646
4567,1607710
4568,1607756
4569,1607855
4570,1608068
4571,1608282
4572,1608294
4573,1608522
4574,1608688
4575,1608730
4576,1608805
4577,1608879
4578,1609141
4579,1609153
4580,1609170
4581,1609287
4582,1609312
4583,1609596
4584,1609675
4585,1609828
4586,1609876
4587,1609982
4588,1610011
4589,1610541
4590,1610635
4591,1610667
4592,1610699
4593,1610872
4594,1610973
4595,1611260
4596,1611341
4597,1611370
4598,1611512
4599,1611652
4600,1611854
4601,1611995
4602,1612142
4603,1612288
4604,1612435
4605,1612467
4606,1612499
4607,1612528
4608,1612552
4609,1612698
4610,1612750
4611,1612777
4612,1612907
4613,1613022
4614,1613035
4615,1613207
4616,1613351
4617,1613373
4618,1613415
4619,1613687
4620,1613700
4621,1613811
4622,1614144
4623,1614300
4624,1614328
4625,1614614
4626,1614629
4627,1614665
4628,1614812
4629,1614879
4630,1614991
4631,1615117
4632,1615354
4633,1615524
4634,1615705
4635,1615806
4636,1615814
4637,1615983
4638,1616005
4639,1616040
4640,1616363
4641,1616538
4642,1616668
4643,1616737
4644,1616989
4645,1617019
4646,1617063
4647,1617090
4648,1617141
4649,1617165
4650,1617188
4651,1617305
4652,1617364
4653,1617504
4654,1618119
4655,1618428
4656,1619017
4657,1619280
4658,1619395
4659,1619559
4660,1619760
4661,1619842
4662,1619979
4663,1620215
4664,1620233
4665,1620271
4666,1620407
4667,1620419
4668,1620554
4669,1620599
4670,1620606
4671,1620823
4672,1620857
4673,1620879
4674,1620898
4675,1620938
4676,1621004
4677,1621354
4678,1621438
4679,1621456
4680,1621519
4681,1621536
4682,1621723
4683,1621764
4684,1622130
4685,1622246
4686,1622278
4687,1622797
4688,1623155
4689,1623264
4690,1623342
4691,1623369
4692,1623575
4693,1623816
4694,1623850
4695,1624011
4696,1624058
4697,1624150
4698,1624293
4699,1624423
4700,1624680
4701,1624927
4702,1624949
4703,1625087
4704,1625329
4705,1625392
4706,1625598
4707,1625645
4708,1625707
4709,1625921
4710,1625984
4711,1626036
4712,1626340
4713,1626800
4714,1626915
4715,1626982
4716,1627023
4717,1627122
4718,1627167
4719,1627199
4720,1627249
4721,1627251
4722,1627273
4723,1627296
4724,1627319
4725,1627426
4726,1627574
4727,1627668
4728,1627684
4729,1627808
4730,1628013
4731,1628046
4732,1628054
4733,1628290
4734,1628318
4735,1628327
4736,1628420
4737,1628642
4738,1628691
4739,1628752
4740,1628832
4741,1629229
4742,1629237
4743,1629401
4744,1629422
4745,1629561
4746,1629702
4747,1629739
4748,1629955
4749,1629981
4750,1630124
4751,1630417
4752,1630583
4753,1630720
4754,1630733
4755,1630747
4756,1630816
4757,1630850
4758,1630895
4759,1630980
4760,1631138
4761,1631237
4762,1631640
4763,1631698
4764,1631739
4765,1631936
4766,1632329
4767,1632404
4768,1632512
4769,1632540
4770,1632634
4771,1632676
4772,1632736
4773,1632801
4774,1632880
4775,1632899
4776,1632977
4777,1633096
4778,1633335
4779,1633354
4780,1633507
4781,1633659
4782,1633705
4783,1633731
4784,1633740
4785,1633960
4786,1633975
4787,1634090
4788,1634137
4789,1634242
4790,1634504
4791,1634800
4792,1634876
4793,1634994
4794,1635140
4795,1635207
4796,1635255
4797,1635318
4798,1635642
4799,1635656
4800,1636000
4801,1636045
4802,1636162
4803,1636316
4804,1636395
4805,1636437
4806,1636825
4807,1637334
4808,1637554
4809,1637727
4810,1637773
4811,1638044
4812,1638075
4813,1638083
4814,1638184
4815,1638366
4816,1638464
4817,1638506
4818,1638565
4819,1638742
4820,1639086
4821,1639355
4822,1639538
4823,1639765
4824,1639847
4825,1639871
4826,1639961
4827,1640056
4828,1640182
4829,1640283
4830,1640451
4831,1640689
4832,1640995
4833,1641024
4834,1641036
4835,1641170
4836,1641340
4837,1641379
4838,1641386
4839,1641439
4840,1641518
4841,1641527
4842,1641551
4843,1641611
4844,1641697
4845,1641800
4846,1641861
4847,1641908
4848,1642006
4849,1642053
4850,1642065
4851,1642223
4852,1642240
4853,1642391
4854,1642400
4855,1642627
4856,1642816
4857,1642850
4858,1642877
4859,1643017
4860,1643316
4861,1643429
4862,1643453
4863,1643465
4864,1643582
4865,1643681
4866,1643998
4867,1644156
4868,1644478
4869,1644698
4870,1644716
4871,1645233
4872,1645300
4873,1645376
4874,1645704
4875,1645773
4876,1645796
4877,1645942
4878,1646096
4879,1646239
4880,1646277
4881,1646313
4882,1646806
4883,1646865
4884,1647080
4885,1647123
4886,1647207
4887,1647408
4888,1647691
4889,1647776
4890,1648146
4891,1648251
4892,1648355
4893,1648426
4894,1649121
4895,1649366
4896,1649553
4897,1649725
4898,1649824
4899,1649872
4900,1649927
4901,1650571
4902,1650607
4903,1650711
4904,1651150
4905,1651168
4906,1651200
4907,1651366
4908,1651440
4909,1651479
4910,1651565
4911,1651635
4912,1651680
4913,1651807
4914,1651836
4915,1652039
4916,1652259
4917,1652266
4918,1652407
4919,1652455
4920,1652513
4921,1652580
4922,1652692
4923,1652903
4924,1652974
4925,1653048
4926,1653225
4927,1653398
4928,1653495
4929,1653675
4930,1653701
4931,1653735
4932,1653754
4933,1653767
4934,1653947
4935,1654295
4936,1654313
4937,1654378
4938,1654403
4939,1654563
4940,1654647
4941,1654671
4942,1654983
4943,1655135
4944,1655146
4945,1655178
4946,1655273
4947,1655426
4948,1655650
4949,1655668
4950,1655815
4951,1655900
4952,1656053
4953,1656172
4954,1656231
4955,1656618
4956,1656715
4957,1656733
4958,1656782
4959,1656884
4960,1656913
4961,1657314
4962,1657427
4963,1657707
4964,1657781
4965,1658020
4966,1658047
4967,1658059
4968,1658309
4969,1658561
4970,1658612
4971,1658750
4972,1658784
4973,1658830
4974,1658981
4975,1659080
4976,1659112
4977,1659140
4978,1659255
4979,1659373
4980,1659502
4981,1659516
4982,1659687
4983,1659691
4984,1659752
4985,1660036
4986,1660048
4987,1660242
4988,1660269
4989,1660477
4990,1660549
4991,1660562
4992,1660644
4993,1660722
4994,1660799
4995,1661013
4996,1661112
4997,1661198
4998,1661248
4999,1661263
5000,1661351
5001,1661568
5002,1661603
5003,1661656
5004,1661776
5005,1662154
5006,1662525
5007,1662587
5008,1662894
5009,1662952
5010,1663009
5011,1663116
5012,1663234
5013,1663261
5014,1663315
5015,1663320
5016,1663601
5017,1663756
5018,1663973
5019,1664029
5020,1664065
5021,1664181
5022,1664264
5023,1664452
5024,1664489
5025,1664526
5026,1664544
5027,1664597
5028,1664782
5029,1664794
5030,1665265
5031,1665309
5032,1665454
5033,1665517
5034,1665827
5035,1665896
5036,1666039
5037,1666050
5038,1666317
5039,1666376
5040,1666546
5041,1666567
5042,1666606
5043,1666727
5044,1666805
5045,1667028
5046,1667118
5047,1667127
5048,1667185
5049,1667302
5050,1667520
5051,1667979
5052,1668176
5053,1668202
5054,1668322
5055,1668354
5056,1668555
5057,1668563
5058,1668757
5059,1668764
5060,1668798
5061,1668865
5062,1669074
5063,1669147
5064,1669306
5065,1669485
5066,1669813
5067,1669880
5068,1670152
5069,1670193
5070,1670346
5071,1670378
5072,1670438
5073,1670524
5074,1670536
5075,1670555
5076,1670572
5077,1670633
5078,1670682
5079,1671510
5080,1671525
5081,1671574
5082,1671591
5083,1671894
5084,1671928
5085,1671989
5086,1672022
5087,1672046
5088,1672362
5089,1672516
5090,1672521
5091,1672595
5092,1672752
5093,1672860
5094,1672970
5095,1673138
5096,1673174
5097,1673187
5098,1673214
5099,1673288
5100,1673401
5101,1673739
5102,1674052
5103,1674104
5104,1674173
5105,1674267
5106,1674280
5107,1674299
5108,1674350
5109,1674441
5110,1674619
5111,1674624
5112,1674690
5113,1674726
5114,1674998
5115,1675026
5116,1675601
5117,1675667
5118,1675680
5119,1675703
5120,1675725
5121,1675791
5122,1675855
5123,1675890
5124,1675930
5125,1675951
5126,1676306
5127,1676430
5128,1676523
5129,1676579
5130,1676652
5131,1676689
5132,1676748
5133,1676763
5134,1676921
5135,1676943
5136,1676968
5137,1677257
5138,1677279
5139,1677387
5140,1677434
5141,1677560
5142,1677627
5143,1677850
5144,1677935
5145,1678170
5146,1678225
5147,1678291
5148,1678549
5149,1678746
5150,1678817
5151,1678845
5152,1678861
5153,1678947
5154,1678982
5155,1679039
5156,1679208
5157,1679259
5158,1679424
5159,1679567
5160,1679704
5161,1679727
5162,1679886
5163,1679903
5164,1680103
5165,1680292
5166,1680743
5167,1681021
5168,1681208
5169,1681637
5170,1681653
5171,1681831
5172,1681903
5173,1681974
5174,1682075
5175,1682457
5176,1682742
5177,1682863
5178,1683122
5179,1683296
5180,1683319
5181,1683355
5182,1683556
5183,1683602
5184,1683815
5185,1684025
5186,1684087
5187,1684418
5188,1684473
5189,1684496
5190,1685048
5191,1685269
5192,1685416
5193,1685439
5194,1685549
5195,1685611
5196,1685683
5197,1685697
5198,1685799
5199,1685893
5200,1686131
5201,1686236
5202,1686459
5203,1686543
5204,1686595
5205,1686953
5206,1687062
5207,1687145
5208,1687176
5209,1687250
5210,1687313
5211,1687960
5212,1688034
5213,1688089
5214,1688130
5215,1688162
5216,1688185
5217,1688201
5218,1688246
5219,1688559
5220,1688905
5221,1688940
5222,1689014
5223,1689172
5224,1689264
5225,1689391
5226,1689673
5227,1689766
5228,1689782
5229,1689935
5230,1690079
5231,1690307
5232,1690475
5233,1690668
5234,1690859
5235,1690928
5236,1691014
5237,1691041
5238,1691257
5239,1691604
5240,1691759
5241,1691839
5242,1691895
5243,1692072
5244,1692090
5245,1692242
5246,1692386
5247,1692443
5248,1692450
5249,1692477
5250,1692573
5251,1692697
5252,1692971
5253,1692982
5254,1693021
5255,1693317
5256,1693407
5257,1693472
5258,1693546
5259,1693554
5260,1693580
5261,1693614
5262,1693773
5263,1693796
5264,1693812
5265,1694198
5266,1694516
5267,1694970
5268,1695663
5269,1695690
5270,1695912
5271,1695998
5272,1696150
5273,1696234
5274,1696308
5275,1696464
5276,1696646
5277,1696738
5278,1696863
5279,1697125
5280,1697270
5281,1697332
5282,1697344
5283,1697446
5284,1697467
5285,1697686
5286,1697702
5287,1697936
5288,1698038
5289,1698147
5290,1698404
5291,1698451
5292,1698523
5293,1698598
5294,1698661
5295,1698748
5296,1698916
5297,1699152
5298,1699161
5299,1699243
5300,1699277
5301,1699403
5302,1699487
5303,1699555
5304,1699647
5305,1699671
5306,1699694
5307,1699853
5308,1699983
5309,1700091
5310,1700108
5311,1700159
5312,1700275
5313,1700365
5314,1700404
5315,1700652
5316,1700822
5317,1700880
5318,1700902
5319,1700977
5320,1701192
5321,1701203
5322,1701305
5323,1701312
5324,1701331
5325,1701340
5326,1701611
5327,1701800
5328,1701959
5329,1702014
5330,1702053
5331,1702088
5332,1702124
5333,1702190
5334,1702417
5335,1702445
5336,1702489
5337,1702493
5338,1702685
5339,1702821
5340,1702850
5341,1703104
5342,1703278
5343,1703520
5344,1703711
5345,1703803
5346,1703810
5347,1703923
5348,1703931
5349,1704033
5350,1704066
5351,1704082
5352,1704156
5353,1704206
5354,1704265
5355,1704332
5356,1704383
5357,1704401
5358,1704698
5359,1704768
5360,1704795
5361,1704851
5362,1704981
5363,1705084
5364,1705183
5365,1705197
5366,1705294
5367,1705670
5368,1705730
5369,1705805
5370,1706335
5371,1706519
5372,1706572
5373,1706712
5374,1706757
5375,1706798
5376,1706837
5377,1707078
5378,1707080
5379,1707131
5380,1707164
5381,1707351
5382,1707502
5383,1707745
5384,1707752
5385,1707761
5386,1707875
5387,1708101
5388,1708122
5389,1708204
5390,1708460
5391,1708525
5392,1708668
5393,1708714
5394,1708833
5395,1708859
5396,1708945
5397,1709121
5398,1709139
5399,1709150
5400,1709308
5401,1709315
5402,1709479
5403,1709570
5404,1709646
5405,1709742
5406,1709756
5407,1710351
5408,1710415
5409,1710471
5410,1710674
5411,1710700
5412,1710717
5413,1710826
5414,1710875
5415,1711104
5416,1711321
5417,1711492
5418,1711655
5419,1711842
5420,1711979
5421,1712216
5422,1712268
5423,1712295
5424,1712346
5425,1712474
5426,1712563
5427,1712705
5428,1712757
5429,1712829
5430,1712892
5431,1713209
5432,1713211
5433,1713306
5434,1713392
5435,1713557
5436,1713781
5437,1713968
5438,1714363
5439,1714381
5440,1714432
5441,1714538
5442,1714650
5443,1714706
5444,1715338
5445,1715391
5446,1715476
5447,1715575
5448,1715583
5449,1715630
5450,1715839
5451,1715868
5452,1715895
5453,1716066
5454,1716156
5455,1716206
5456,1716214
5457,1716237
5458,1716480
5459,1716631
5460,1716896
5461,1717097
5462,1717121
5463,1717234
5464,1717366
5465,1717371
5466,1717588
5467,1717791
5468,1717918
5469,1718144
5470,1718282
5471,1718294
5472,1718317
5473,1718352
5474,1718463
5475,1718554
5476,1718580
5477,1718653
5478,1718730
5479,1718864
5480,1718938
5481,1718991
5482,1719188
5483,1719416
5484,1719450
5485,1719675
5486,1719845
5487,1719947
5488,1720057
5489,1720146
5490,1720227
5491,1720336
5492,1720411
5493,1720483
5494,1720639
5495,1720643
5496,1720677
5497,1720729
5498,1720976
5499,1721092
5500,1721119
5501,1721303
5502,1721493
5503,1721526
5504,1721560
5505,1721884
5506,1722024
5507,1722114
5508,1722129
5509,1722170
5510,1722287
5511,1722947
5512,1723334
5513,1723393
5514,1723436
5515,1723567
5516,1723614
5517,1723785
5518,1723886
5519,1723938
5520,1724186
5521,1724255
5522,1724263
5523,1724362
5524,1724433
5525,1724584
5526,1724642
5527,1724752
5528,1725052
5529,1725173
5530,1725201
5531,1725278
5532,1725547
5533,1725582
5534,1725607
5535,1725964
5536,1726075
5537,1726261
5538,1726276
5539,1726347
5540,1726412
5541,1726725
5542,1726824
5543,1726855
5544,1726927
5545,1726962
5546,1727015
5547,1727206
5548,1727358
5549,1727375
5550,1727499
5551,1727698
5552,1727716
5553,1727936
5554,1728091
5555,1728159
5556,1728404
5557,1728427
5558,1728496
5559,1728505
5560,1728540
5561,1728634
5562,1728661
5563,1728801
5564,1728822
5565,1728984
5566,1729018
5567,1729027
5568,1729062
5569,1729128
